round,total_adversarial_episodes,total_ego_episodes,adv_episodes,adv_avg_reward,adv_crash_rate,adv_agents_crash_rate,adv_adv_collision_rate,adv_ego_collision_rate,adv_other_collision_rate,adv_recovery_rate,adv_road_completion_rate,adv_road_completion_rate_full,ego_episodes,ego_avg_reward,ego_crash_rate,ego_agents_crash_rate,ego_adv_adv_collision_rate,ego_adv_ego_collision_rate,ego_adv_other_collision_rate,ego_adv_recovery_rate,ego_road_completion_rate,ego_road_completion_rate_full,ego_route_completion_distance,ego_route_length,ego_avg_speed
1,214,344,214,324.3487445241992,0.056074766355140186,0.11682242990654206,0.06074766355140187,0.056074766355140186,0.0,0.056074766355140186,0.4037775874484119,0.3997398115739278,344,119.0838177591486,0.17732558139534885,0.22674418604651161,0.04941860465116279,0.17732558139534885,0.005813953488372093,0.0436046511627907,0.6447285100925559,0.6382812249916303,198.00000000000003,200.0,12.919529848140872
2,414,844,200,292.24341289573835,0.195,0.215,0.025,0.195,0.0,0.02,0.4179144455344723,0.41373530107912765,500,116.63448697146407,0.184,0.236,0.054,0.184,0.002,0.04,0.6344905284469953,0.6281456231625254,198.00000000000003,200.0,12.51012792759973
3,667,1328,253,260.94104580287893,0.13438735177865613,0.26877470355731226,0.13438735177865613,0.13438735177865613,0.007905138339920948,0.13043478260869565,0.7029328543913849,0.6959035258474712,484,116.46242787053586,0.14256198347107438,0.29958677685950413,0.16942148760330578,0.14256198347107438,0.002066115702479339,0.16942148760330578,0.6434860931776293,0.637051232245853,198.00000000000003,200.0,15.24144327226236
4,867,1696,200,327.43499484064137,0.045,0.12,0.09,0.045,0.0,0.08,0.5402118910162337,0.5348097721060715,368,123.35670513121413,0.09510869565217392,0.1793478260869565,0.09510869565217392,0.09510869565217392,0.0,0.09239130434782608,0.6749413932954134,0.6681919793624593,198.00000000000003,200.0,16.483931717135057
5,1167,2196,300,348.5989995909972,0.14,0.20333333333333334,0.06333333333333334,0.14,0.0,0.05333333333333334,0.25566392757645817,0.25310728830069357,500,88.2724833518461,0.23,0.32,0.098,0.23,0.0,0.086,0.5307091426275578,0.5254020512012822,198.00000000000003,200.0,10.085988081468377
6,1417,2604,250,359.3578323672939,0.012,0.056,0.048,0.012,0.0,0.048,0.5592313499316443,0.553639036432328,408,122.17022978647921,0.14705882352941177,0.2034313725490196,0.058823529411764705,0.14705882352941177,0.0,0.04656862745098039,0.6585332755347655,0.651947942779418,198.00000000000003,200.0,13.057753874072379
7,1617,3104,200,337.2647317231415,0.045,0.115,0.07,0.045,0.0,0.065,0.4458315512506946,0.44137323573818776,500,111.41157167274098,0.13,0.246,0.126,0.13,0.008,0.118,0.6249308117701349,0.6186815036524336,198.00000000000003,200.0,15.131731069135961
8,1917,3404,300,283.58301835503863,0.17666666666666667,0.29,0.11333333333333333,0.17666666666666667,0.0,0.09333333333333334,0.5830047912591476,0.5771747433465563,300,123.93338286519618,0.03666666666666667,0.06666666666666667,0.03,0.03666666666666667,0.0,0.013333333333333334,0.667081911033326,0.6604110919229929,198.00000000000006,200.0,7.428282917296939
9,2117,3904,200,306.2681614171226,0.135,0.22,0.1,0.135,0.0,0.085,0.4281859811461372,0.42390412133467587,500,64.09611613255989,0.278,0.342,0.078,0.278,0.0,0.068,0.4336392545928862,0.42930286204695745,198.00000000000003,200.0,9.251880182353425
10,2317,4204,200,338.48820143379737,0.2,0.205,0.005,0.2,0.0,0.005,0.2643957890457244,0.2617518311552672,300,117.30668620245197,0.043333333333333335,0.07,0.02666666666666667,0.043333333333333335,0.0,0.02,0.6355399441013709,0.6291845446603573,198.00000000000006,200.0,6.715530530117559
11,2517,4704,200,350.09458082341683,0.165,0.185,0.02,0.165,0.0,0.015,0.31247510635556464,0.30935035529200905,500,89.603944525185,0.206,0.262,0.058,0.206,0.0,0.05,0.5251474086971959,0.519895934610224,198.00000000000003,200.0,10.9140288847023
12,2753,5008,236,300.9975943606949,0.0423728813559322,0.13135593220338984,0.09322033898305085,0.0423728813559322,0.0,0.0847457627118644,0.5780375823453616,0.5722572065219081,304,126.58931078900035,0.05592105263157895,0.12171052631578948,0.07236842105263158,0.05592105263157895,0.006578947368421052,0.07236842105263158,0.6854636930979283,0.6786090561669491,198.00000000000003,200.0,15.589537360125213
13,2956,5309,203,261.2620047346013,0.13793103448275862,0.22660098522167488,0.08866995073891626,0.13793103448275862,0.0,0.07389162561576355,0.6987503645784894,0.6917628609327043,301,115.73641617992621,0.10299003322259136,0.12956810631229235,0.026578073089700997,0.10299003322259136,0.0,0.026578073089700997,0.6327102432249366,0.6263831407926874,198.00000000000006,200.0,18.389300684509408
14,3156,5809,200,351.3110451393802,0.07,0.125,0.06,0.07,0.0,0.055,0.4672828775179596,0.46261004874278017,500,134.15899453278556,0.038,0.35,0.32,0.038,0.0,0.318,0.7039614792889162,0.6969218644960272,198.00000000000003,200.0,14.783010586791454
15,3356,6109,200,355.9494100533659,0.07,0.075,0.005,0.07,0.0,0.005,0.3609818644894538,0.3573720458445592,300,129.44710873561192,0.03,0.05,0.023333333333333334,0.03,0.0,0.023333333333333334,0.6831885727729515,0.6763566870452221,198.00000000000006,200.0,7.232643662186201
16,3556,6409,200,318.1213362981708,0.17,0.195,0.03,0.17,0.0,0.03,0.559692384057048,0.5540954602164776,300,131.58525942987683,0.03666666666666667,0.04,0.0033333333333333335,0.03666666666666667,0.0,0.0033333333333333335,0.6853923604307638,0.6785384368264562,198.00000000000006,200.0,8.124878154343124
17,3756,6909,200,352.0988610338076,0.035,0.055,0.02,0.035,0.0,0.02,0.540413874529619,0.5350097357843229,500,63.97400126524244,0.254,0.296,0.052,0.254,0.0,0.046,0.42401996061444747,0.41977976100830305,198.00000000000003,200.0,9.019080089405822
18,3956,7409,200,352.2939523216467,0.135,0.165,0.03,0.135,0.0,0.03,0.3115433738666182,0.30842794012795205,500,46.12363133089314,0.374,0.376,0.002,0.374,0.0,0.002,0.34639675964531325,0.3429327920488602,198.00000000000003,200.0,9.961450141867743
19,4156,7709,200,339.3741385258356,0.195,0.23,0.035,0.195,0.0,0.03,0.4672446989882093,0.4625722519983273,300,94.07257213041113,0.08333333333333333,0.11666666666666667,0.03666666666666667,0.08333333333333333,0.0,0.03666666666666667,0.5612403255819148,0.5556279223260958,198.00000000000006,200.0,17.321665720657663
20,4356,8209,200,305.4402689997385,0.195,0.205,0.01,0.195,0.0,0.01,0.5437138454566416,0.5382767070020752,500,64.22445989506352,0.256,0.298,0.044,0.256,0.0,0.04,0.4347327000055046,0.43038537300544966,198.00000000000003,200.0,9.861933601621153
21,4556,8709,200,343.55834021041693,0.255,0.27,0.015,0.255,0.0,0.01,0.3608951330405465,0.35728618171014115,500,124.55414498904528,0.098,0.182,0.086,0.098,0.002,0.082,0.6661527099493656,0.659491182849872,198.00000000000003,200.0,14.177495265493961
22,4756,9209,200,254.52822421468366,0.12,0.165,0.045,0.12,0.0,0.025,0.6344111611150045,0.6280670495038545,500,121.4435804765367,0.08,0.124,0.044,0.08,0.0,0.04,0.6528990682048468,0.6463700775227985,198.00000000000003,200.0,19.407623163480274
23,4956,9741,200,327.430018587192,0.195,0.195,0.0,0.195,0.0,0.0,0.287076439115696,0.28420567472453917,532,89.34787720479059,0.09774436090225563,0.10902255639097744,0.011278195488721804,0.09774436090225563,0.0,0.011278195488721804,0.525348482555885,0.5200949977303261,198.00000000000003,200.0,6.665958490871573
24,5156,10241,200,344.2956463819844,0.26,0.275,0.015,0.26,0.0,0.015,0.2268904983702845,0.2246215933865817,500,71.91682538690912,0.138,0.146,0.014,0.138,0.0,0.014,0.46245542517865645,0.4578308709268699,198.00000000000003,200.0,5.831817317654977
25,5356,10741,200,338.8403906125472,0.19,0.21,0.025,0.19,0.0,0.025,0.41476445212424884,0.41061680760300645,500,112.40412932454355,0.03,0.03,0.0,0.03,0.0,0.0,0.6214510159112515,0.6152365057521391,198.00000000000003,200.0,14.47414572072466
26,5556,11241,200,237.97009911397888,0.09,0.155,0.065,0.09,0.0,0.06,0.5502284039330485,0.5447261198937181,500,56.771657110912976,0.146,0.15,0.004,0.146,0.0,0.004,0.39406117949058245,0.39012056769567666,198.00000000000003,200.0,8.446981538712649
27,5756,11765,200,322.40833072989113,0.225,0.245,0.025,0.225,0.0,0.025,0.38167839762915323,0.3778616136528617,524,78.15308264816805,0.1431297709923664,0.15076335877862596,0.007633587786259542,0.1431297709923664,0.0,0.007633587786259542,0.48989299407029635,0.4849940641295934,198.00000000000003,200.0,10.740607687905486
28,5956,12265,200,343.4865743442639,0.075,0.115,0.045,0.075,0.0,0.04,0.3604054305623967,0.35680137625677283,500,69.48367714406308,0.06,0.06,0.0,0.06,0.0,0.0,0.4439783299058339,0.43953854660677566,198.00000000000003,200.0,7.8689376250536425
29,6156,12766,200,351.355484884514,0.08,0.085,0.01,0.08,0.0,0.005,0.412140045220297,0.40801864476809413,501,95.92985505381269,0.1157684630738523,0.17764471057884232,0.07385229540918163,0.1157684630738523,0.005988023952095809,0.0718562874251497,0.5560841367997001,0.5505232954317033,198.00000000000003,200.0,19.340920831044905
30,6356,13342,200,263.29684025627216,0.29,0.29,0.0,0.29,0.0,0.0,0.48132422630336513,0.47651098404033154,576,129.02448594604058,0.0642361111111111,0.1684027777777778,0.10590277777777778,0.0642361111111111,0.008680555555555556,0.10243055555555555,0.693978340400052,0.6870385569960514,198.00000000000003,200.0,16.394772306174282
31,6556,14142,200,276.0691918377683,0.195,0.275,0.08,0.195,0.0,0.075,0.5968731295378387,0.5909043982424603,800,113.46689093010762,0.15875,0.225,0.07125,0.15875,0.0,0.065,0.6302752121794254,0.6239724600576312,198.00000000000003,200.0,14.605187302862383
32,6756,14642,200,303.25811900726836,0.275,0.32,0.045,0.275,0.0,0.045,0.5945750590819511,0.5886293084911316,500,85.06583719071413,0.14,0.152,0.014,0.14,0.0,0.014,0.5072123941428232,0.5021402702013951,198.00000000000003,200.0,12.910317421750642
33,6956,15142,200,327.31202770681085,0.095,0.14,0.05,0.095,0.0,0.04,0.3680513158705331,0.3643708027118278,500,127.51728868669368,0.056,0.18,0.13,0.056,0.004,0.126,0.6832565242664266,0.6764239590237624,198.00000000000003,200.0,15.679703530319625
34,7156,15649,200,347.0116640730396,0.025,0.035,0.01,0.025,0.0,0.01,0.48456803771666573,0.47972235733949914,507,109.57828749484703,0.07495069033530571,0.11439842209072978,0.03944773175542406,0.07495069033530571,0.0,0.03550295857988166,0.6083534689934992,0.6022699343035645,198.00000000000003,200.0,18.230709306115752
35,7356,16149,200,287.4133732179516,0.255,0.28,0.03,0.255,0.0,0.03,0.32162021148538966,0.3184040093705358,500,60.0423277325359,0.092,0.094,0.002,0.092,0.0,0.002,0.39558556852279253,0.3916297128375647,198.00000000000003,200.0,15.302159300307643
36,7556,16649,200,368.24801752601195,0.24,0.29,0.06,0.24,0.0,0.04,0.44505642516711175,0.4406058609154407,500,89.5407167372345,0.108,0.118,0.01,0.108,0.0,0.01,0.5282896876946132,0.523006790817667,198.00000000000003,200.0,17.169922712471394
37,7756,17149,200,331.837672871148,0.16,0.19,0.03,0.16,0.0,0.025,0.4146416518263624,0.4104952353080988,500,45.6879637682782,0.116,0.116,0.0,0.116,0.0,0.0,0.32964781152388856,0.32635133340864975,198.00000000000003,200.0,10.763884750778345
38,7956,17949,200,373.1961961322033,0.075,0.11,0.035,0.075,0.0,0.03,0.4163983803480217,0.4122343965445415,800,93.43445089501881,0.185,0.28,0.10375,0.185,0.0,0.09375,0.5484201152753166,0.5429359141225636,198.00000000000003,200.0,10.355347653218566
39,8156,18749,200,272.81515050123085,0.07,0.16,0.09,0.07,0.0,0.07,0.6157597015030124,0.6096021044879825,800,105.9144498681705,0.21375,0.285,0.08,0.21375,0.0,0.06875,0.5979089759814062,0.5919298862215924,198.00000000000003,200.0,11.025790518721308
40,8356,19396,200,326.7192191095379,0.09,0.15,0.06,0.09,0.0,0.055,0.44424257208257883,0.43980014636175313,647,60.79328074679757,0.24420401854714066,0.24574961360123648,0.0015455950540958269,0.24420401854714066,0.0,0.0015455950540958269,0.41359440106513295,0.4094584570544817,198.00000000000006,200.0,16.618304533680934
41,8556,19896,200,364.70389047383446,0.035,0.085,0.05,0.035,0.0,0.04,0.41606235155198307,0.4119017280364632,500,96.61904140435526,0.066,0.092,0.028,0.066,0.002,0.028,0.5416390190971196,0.5362226289061486,198.00000000000003,200.0,18.919325764299103
42,8756,20397,200,305.73627894659586,0.195,0.25,0.055,0.195,0.0,0.055,0.45648590635315783,0.45192104728962634,501,125.30744626140748,0.08982035928143713,0.1996007984031936,0.13373253493013973,0.08982035928143713,0.0,0.12375249500998003,0.6808394309605971,0.6740310366509913,198.00000000000003,200.0,16.509082816228446
43,8956,21197,200,315.99953883590047,0.04,0.105,0.075,0.04,0.0,0.06,0.5105136805520969,0.5054085437465761,800,106.61575189443685,0.1675,0.215,0.05375,0.1675,0.0025,0.05375,0.5837849491206835,0.5779470996294767,198.00000000000003,200.0,17.061870970181282
44,9156,21863,200,341.9436600183307,0.075,0.135,0.075,0.075,0.0,0.075,0.43268681379860185,0.4283599456606159,666,123.31931088352697,0.06756756756756757,0.24774774774774774,0.1921921921921922,0.06756756756756757,0.0015015015015015015,0.1921921921921922,0.6566674059556742,0.6501007318961174,198.00000000000006,200.0,18.370378433346488
45,9356,22363,200,330.28612069436576,0.07,0.125,0.06,0.07,0.0,0.06,0.49152014737768324,0.48660494590390646,500,102.47847187971017,0.058,0.064,0.006,0.058,0.0,0.006,0.5797987629044414,0.5740007752753973,198.00000000000003,200.0,17.92202600453313
46,9556,22873,200,379.25410194259007,0.13,0.175,0.05,0.13,0.0,0.045,0.35390701140032876,0.3503679412863255,510,107.72119960323789,0.06862745098039216,0.13333333333333333,0.06470588235294118,0.06862745098039216,0.00392156862745098,0.058823529411764705,0.6002709049604307,0.5942681959108264,198.00000000000003,200.0,13.235227626328175
47,9756,23373,200,375.6777487942371,0.145,0.16,0.015,0.145,0.0,0.01,0.2758223557428755,0.27306413218544684,500,60.34750324942429,0.116,0.116,0.0,0.116,0.0,0.0,0.3833822432535005,0.37954842082096557,198.00000000000003,200.0,6.242489920974403
48,9956,23873,200,358.12735533724066,0.035,0.04,0.005,0.035,0.0,0.005,0.3672620488789539,0.36358942839016445,500,137.4580758344091,0.014,0.032,0.018,0.014,0.0,0.01,0.7114186845377818,0.7043044976924042,198.00000000000003,200.0,6.607966378980138
49,10156,24373,200,261.5849762894785,0.07,0.085,0.015,0.07,0.0,0.015,0.6362614840308572,0.6298988691905488,500,140.1408259331605,0.026,0.06,0.034,0.026,0.0,0.024,0.7247312082478161,0.717483896165338,198.00000000000003,200.0,6.852210949196555
50,10356,24873,200,286.2826446628408,0.175,0.23,0.055,0.175,0.005,0.05,0.6253997126669669,0.6191457155402974,500,53.76046570896914,0.156,0.162,0.008,0.156,0.0,0.006,0.3805008676365877,0.3766958589602219,198.00000000000003,200.0,8.18930601997154
51,10506,25724,150,333.4060545080996,0.16666666666666666,0.17333333333333334,0.006666666666666667,0.16666666666666666,0.0,0.006666666666666667,0.24992930171974648,0.24743000870254903,851,77.23057329805063,0.09870740305522914,0.13513513513513514,0.038777908343125736,0.09870740305522914,0.0011750881316098707,0.03525264394829612,0.4562283856980058,0.4516661018410258,198.00000000000003,200.0,15.816874129640528
52,10656,26524,150,306.0117709436471,0.02,0.04,0.02,0.02,0.0,0.02,0.6274825527128827,0.621207727185754,800,103.71080819422691,0.135,0.13875,0.00375,0.135,0.0,0.0025,0.5836071144978834,0.5777710433529046,198.00000000000003,200.0,12.984139745072353
53,10806,27324,150,346.7031599413649,0.03333333333333333,0.03333333333333333,0.0,0.03333333333333333,0.0,0.0,0.4767740883952424,0.4720063475112901,800,50.12927058411333,0.08,0.105,0.025,0.08,0.0,0.025,0.3377967996928975,0.33441883169596864,198.00000000000003,200.0,7.924651642149366
54,10956,28124,150,386.16889485224004,0.1,0.11333333333333333,0.013333333333333334,0.1,0.0,0.013333333333333334,0.21698392206545009,0.21481408284479556,800,33.076184159982105,0.02125,0.02875,0.0075,0.02125,0.0,0.00625,0.24921199597732005,0.2467198760175469,198.00000000000003,200.0,3.6876731119837105
55,11106,28924,150,396.6514204725546,0.006666666666666667,0.03333333333333333,0.02666666666666667,0.006666666666666667,0.0,0.02666666666666667,0.2704971717522314,0.26779220003470916,800,118.89332570274888,0.055,0.12625,0.07375,0.055,0.0,0.07,0.6354805834459482,0.6291257776114887,198.00000000000003,200.0,6.359729975285185
56,11256,29724,150,320.76544588126166,0.03333333333333333,0.06,0.03333333333333333,0.03333333333333333,0.0,0.03333333333333333,0.48557442525745276,0.4807186810048783,800,89.28205757643144,0.07125,0.09625,0.02625,0.07125,0.0,0.025,0.5152450579939227,0.5100926074139837,198.00000000000003,200.0,17.16230561460226
57,11406,30524,150,358.4365321411354,0.07333333333333333,0.2,0.13333333333333333,0.07333333333333333,0.0,0.12666666666666668,0.454558784537507,0.45001319669213197,800,112.34876736688646,0.02,0.04625,0.02625,0.02,0.0,0.02625,0.6165677225774442,0.6104020453516699,198.00000000000003,200.0,19.495821405079234
58,11556,31324,150,275.43153747145925,0.08,0.12,0.04,0.08,0.0,0.04,0.6273697622080726,0.6210960645859921,800,75.13315365267786,0.05625,0.05875,0.0025,0.05625,0.0,0.00125,0.4720031272077698,0.4672830959356922,198.00000000000003,200.0,10.300860930326353
59,11706,32124,150,383.8115358127487,0.10666666666666667,0.14666666666666667,0.04,0.10666666666666667,0.0,0.03333333333333333,0.4161181026609244,0.4119569216343153,800,67.0735699256642,0.0625,0.0875,0.025,0.0625,0.0,0.025,0.4175048512517053,0.41332980273918823,198.00000000000003,200.0,9.912677276134422
60,11856,32924,150,379.0111893819227,0.11333333333333333,0.14,0.02666666666666667,0.11333333333333333,0.0,0.02666666666666667,0.42430102353290894,0.42005801329757986,800,91.31889719594717,0.0525,0.07125,0.02125,0.0525,0.0,0.02125,0.5221091481155512,0.5168880566343957,198.00000000000003,200.0,12.69111716546673
61,12006,33779,150,354.72830133712165,0.04666666666666667,0.06666666666666667,0.02666666666666667,0.04666666666666667,0.0,0.013333333333333334,0.47093523775423873,0.46622588537669646,855,82.0800841950307,0.2128654970760234,0.21403508771929824,0.0011695906432748538,0.2128654970760234,0.0,0.0011695906432748538,0.49565736822600764,0.49070079454374765,198.00000000000003,200.0,12.587247096433188
62,12156,34579,150,300.64415523253933,0.06666666666666667,0.12,0.06,0.06666666666666667,0.0,0.06,0.5920955310807966,0.5861745757699889,800,137.77821780908252,0.04875,0.055,0.00625,0.04875,0.0,0.005,0.7083710512242761,0.7012873407120336,198.00000000000003,200.0,11.727762275449882
63,12306,35478,150,331.11263157047114,0.06,0.06,0.02,0.06,0.0,0.006666666666666667,0.502916778439765,0.4978876106553675,899,75.73914677676193,0.20467185761957732,0.22914349276974416,0.026696329254727477,0.20467185761957732,0.0,0.025583982202447165,0.46444827074143846,0.4598037880340241,198.00000000000003,200.0,10.916564904640122
64,12456,36278,150,349.141210224721,0.15333333333333332,0.16666666666666666,0.013333333333333334,0.15333333333333332,0.0,0.013333333333333334,0.35503536488773346,0.3514850112388562,800,125.57201128284387,0.05875,0.06625,0.0075,0.05875,0.0,0.0075,0.6692840956715196,0.6625912547148046,198.00000000000003,200.0,10.843044257481438
65,12606,37078,150,337.1246880511588,0.09333333333333334,0.14,0.04666666666666667,0.09333333333333334,0.0,0.04,0.3982536165083917,0.3942710803433078,800,76.01176745134136,0.12625,0.21125,0.0875,0.12625,0.0,0.08375,0.46606615705884413,0.46140549548825577,198.00000000000003,200.0,6.05480032544111
66,12756,37911,150,351.3878351030141,0.0,0.08,0.08,0.0,0.0,0.08,0.46098775436787964,0.456377876824201,833,84.96581197164404,0.13445378151260504,0.15366146458583432,0.01920768307322929,0.13445378151260504,0.0,0.01920768307322929,0.49696218760821564,0.4919925657321335,198.00000000000003,200.0,6.752626260970208
67,12906,38711,150,387.23411175554423,0.006666666666666667,0.02666666666666667,0.02,0.006666666666666667,0.0,0.02,0.2534107242990704,0.2508766170560798,800,43.221614949162955,0.115,0.115,0.00125,0.115,0.0,0.0,0.3088048688364539,0.3057168201480894,198.00000000000003,200.0,4.803295488529104
68,13056,39617,150,386.678513370725,0.02,0.02666666666666667,0.006666666666666667,0.02,0.0,0.006666666666666667,0.3335275481197481,0.3301922726385506,906,85.21779933730713,0.12030905077262694,0.12251655629139073,0.002207505518763797,0.12030905077262694,0.0,0.002207505518763797,0.48153313487480603,0.47671780352605797,198.00000000000003,200.0,11.90598952919147
69,13206,40417,150,351.3645031889923,0.08666666666666667,0.11333333333333333,0.04,0.08666666666666667,0.0,0.02,0.5430776309437376,0.5376468546343002,800,122.65675707483337,0.055,0.065,0.01,0.055,0.0,0.01,0.6532171275429691,0.6466849562675395,198.00000000000003,200.0,10.337293877795842
70,13356,41217,150,357.11942582729193,0.04666666666666667,0.05333333333333334,0.006666666666666667,0.04666666666666667,0.0,0.006666666666666667,0.5026467060019311,0.49762023894191176,800,115.5978067093117,0.065,0.1075,0.0425,0.065,0.0,0.0325,0.6347983391728136,0.6284503557810855,198.00000000000003,200.0,11.954975758647494
71,13506,42017,150,352.2272396877475,0.32,0.38,0.10666666666666667,0.32,0.0,0.1,0.4171610640219538,0.41298945338173426,800,60.60936496491803,0.0025,0.00875,0.00625,0.0025,0.0,0.00625,0.3708180588066956,0.3671098782186287,198.00000000000003,200.0,15.726627016039881
72,13656,42817,150,373.4829135370594,0.03333333333333333,0.06666666666666667,0.03333333333333333,0.03333333333333333,0.0,0.03333333333333333,0.4851696289867044,0.4803179326968374,800,119.25659613211839,0.02375,0.035,0.01125,0.02375,0.0,0.01125,0.6573877292784914,0.6508138519857067,198.00000000000003,200.0,13.676586528514685
73,13806,43817,150,311.8956626353331,0.19333333333333333,0.3,0.11333333333333333,0.19333333333333333,0.006666666666666667,0.1,0.5875261388474521,0.5816508774589776,1000,43.678175293598976,0.303,0.358,0.06,0.303,0.0,0.055,0.35889588164036224,0.35530692282395865,198.00000000000003,200.0,11.90803123003488
74,13956,44817,150,326.2293212114156,0.14666666666666667,0.2,0.06,0.14666666666666667,0.0,0.05333333333333334,0.4345823383889131,0.4302365150050239,1000,97.91210641085746,0.158,0.285,0.158,0.158,0.001,0.151,0.5706415335244194,0.5649351181891752,198.00000000000003,200.0,10.148100273839086
75,14106,45726,150,286.8369794639255,0.16666666666666666,0.23333333333333334,0.07333333333333333,0.16666666666666666,0.0,0.06666666666666667,0.4831127696731869,0.4782816419764551,909,65.70960200468113,0.10231023102310231,0.1331133113311331,0.03850385038503851,0.10231023102310231,0.0033003300330033004,0.03850385038503851,0.3923370008464437,0.38841363083797925,198.00000000000003,200.0,12.764029925954361
76,14256,46526,150,266.34226396298163,0.06,0.08,0.02,0.06,0.0,0.02,0.5719496467775829,0.5662301503098072,800,120.82566597233438,0.135,0.1875,0.0525,0.135,0.0025,0.04625,0.6641307647799445,0.6574894571321451,198.00000000000003,200.0,18.307568019147368
77,14406,47347,150,238.7188115831155,0.16,0.19333333333333333,0.03333333333333333,0.16,0.0,0.02666666666666667,0.6011188490936082,0.5951076606026722,821,100.4034769080468,0.15712545676004872,0.15712545676004872,0.0,0.15712545676004872,0.0,0.0,0.5727187929289749,0.5669916049996852,198.00000000000003,200.0,10.02692446992604
78,14556,48147,150,354.21948279866183,0.013333333333333334,0.06666666666666667,0.05333333333333334,0.013333333333333334,0.0,0.05333333333333334,0.3844370087606225,0.38059263867301635,800,109.64555682066793,0.0625,0.1325,0.07,0.0625,0.00125,0.04625,0.6113574989868247,0.6052439239969565,198.00000000000003,200.0,12.052628390255059
79,14706,48947,150,285.8899920501633,0.25333333333333335,0.2866666666666667,0.03333333333333333,0.25333333333333335,0.0,0.03333333333333333,0.4825597360002481,0.4777341386402458,800,112.47320124392412,0.0875,0.22,0.13375,0.0875,0.00125,0.1325,0.6303133686705955,0.6240102349838896,198.00000000000003,200.0,13.814103003913212
80,14856,49762,150,272.1872398830756,0.2866666666666667,0.4,0.12666666666666668,0.2866666666666667,0.0,0.12,0.5753298290575983,0.5695765307670223,815,87.40204264183437,0.12515337423312883,0.17668711656441718,0.05276073619631902,0.12515337423312883,0.0,0.05030674846625767,0.5148067880574126,0.5096587201768387,198.00000000000003,200.0,11.716504086506738
81,15006,50562,150,373.6973690779247,0.04,0.06,0.02,0.04,0.0,0.02,0.4819683489446398,0.47714866545519347,800,42.22528550173001,0.08875,0.10625,0.0175,0.08875,0.0,0.0175,0.3194510342945907,0.3162565239516449,198.00000000000003,200.0,5.652637153568699
82,15156,51362,150,368.3321208143331,0.06666666666666667,0.08,0.013333333333333334,0.06666666666666667,0.0,0.013333333333333334,0.31489688684616507,0.3117479179777035,800,89.71233192591127,0.0725,0.12875,0.065,0.0725,0.00375,0.06,0.5165765667909683,0.5114108011230587,198.00000000000003,200.0,13.948953869273645
83,15306,52235,150,322.56762973529635,0.15333333333333332,0.18,0.02666666666666667,0.15333333333333332,0.0,0.02666666666666667,0.4092545155029047,0.4051619703478757,873,82.00674667134298,0.14432989690721648,0.15463917525773196,0.010309278350515464,0.14432989690721648,0.0,0.008018327605956471,0.49492205828040425,0.4899728376976003,198.00000000000003,200.0,14.117747856100493
84,15456,53160,150,317.87946874268283,0.13333333333333333,0.16666666666666666,0.03333333333333333,0.13333333333333333,0.0,0.02666666666666667,0.40772105000735254,0.40364383950727906,925,124.32409491607903,0.06918918918918919,0.23351351351351352,0.17081081081081081,0.06918918918918919,0.003243243243243243,0.16648648648648648,0.6672205973099068,0.6605483913368079,198.00000000000003,200.0,11.908967501696448
85,15606,53960,150,381.60211224691585,0.08666666666666667,0.10666666666666667,0.02,0.08666666666666667,0.0,0.02,0.4012702914834938,0.3972575885686589,800,121.69981259438453,0.13375,0.1825,0.04875,0.13375,0.005,0.045,0.6693290012734125,0.6626357112606786,198.00000000000003,200.0,19.04181329605633
86,15756,54791,150,356.94538629272796,0.09333333333333334,0.14,0.04666666666666667,0.09333333333333334,0.0,0.04666666666666667,0.44020427417105207,0.4358022314293416,831,71.5287068594651,0.15643802647412755,0.23465703971119134,0.07942238267148015,0.15643802647412755,0.0,0.07581227436823104,0.4444539240124748,0.44000938477235013,198.00000000000003,200.0,9.89839335863043
87,15906,55591,150,363.2240489327381,0.006666666666666667,0.04666666666666667,0.04,0.006666666666666667,0.0,0.03333333333333333,0.4808095766427742,0.47600148087634636,800,128.86177027770205,0.0225,0.03,0.0075,0.0225,0.0,0.005,0.699032621460147,0.6920422952455455,198.00000000000003,200.0,10.198609212517983
88,16056,56402,150,301.37141343585364,0.09333333333333334,0.10666666666666667,0.02,0.09333333333333334,0.0,0.013333333333333334,0.5617780700398217,0.5561602893394236,811,119.7126463361673,0.11220715166461159,0.1381011097410604,0.029593094944512947,0.11220715166461159,0.0,0.027127003699136867,0.6619186341210789,0.6552994477798683,198.00000000000003,200.0,15.795922539850686
89,16206,57402,150,284.69447628139477,0.19333333333333333,0.24666666666666667,0.05333333333333334,0.19333333333333333,0.0,0.04666666666666667,0.5280261789773247,0.5227459171875515,1000,120.75716552548239,0.182,0.317,0.136,0.182,0.0,0.128,0.6602875904840276,0.6536847145791873,198.00000000000003,200.0,13.110437045202419
90,16356,58202,150,282.80341241449776,0.11333333333333333,0.18666666666666668,0.07333333333333333,0.11333333333333333,0.0,0.06,0.5930340126623537,0.5871036725357304,800,141.5526915705421,0.04875,0.09875,0.0525,0.04875,0.0,0.0425,0.7356841233571438,0.7283272821235723,198.00000000000003,200.0,8.05538156778323
91,16506,59072,150,282.85343242412324,0.14666666666666667,0.2,0.06,0.14666666666666667,0.0,0.05333333333333334,0.6032000519489248,0.5971680514294356,870,106.56164442327595,0.1,0.15977011494252874,0.06206896551724138,0.1,0.009195402298850575,0.05632183908045977,0.5967059883471848,0.5907389284637131,198.00000000000003,200.0,11.79079508344517
92,16656,60052,150,363.9280732664875,0.05333333333333334,0.07333333333333333,0.04,0.05333333333333334,0.0,0.04,0.4618757116517579,0.45725695453524046,980,74.0005681597938,0.24285714285714285,0.2642857142857143,0.022448979591836733,0.24285714285714285,0.0,0.02142857142857143,0.45862148908987654,0.4540352741989779,198.00000000000003,200.0,10.249380302028495
93,16806,61052,150,350.7737999945436,0.04666666666666667,0.06666666666666667,0.02,0.04666666666666667,0.0,0.02,0.4332254774870228,0.42889322271215274,1000,78.11459168969756,0.29,0.389,0.103,0.29,0.0,0.099,0.486032111536519,0.4811717904211539,198.00000000000003,200.0,12.099847556515227
94,16956,62052,150,258.9794259677163,0.04,0.15333333333333332,0.11333333333333333,0.04,0.0,0.11333333333333333,0.6079073833294426,0.6018283094961483,1000,102.28476529472577,0.218,0.291,0.073,0.218,0.001,0.072,0.5848794797617312,0.5790306849641139,198.00000000000003,200.0,14.494755825291584
95,17106,62852,150,323.2350688654326,0.22,0.25333333333333335,0.03333333333333333,0.22,0.0,0.03333333333333333,0.37610933617945963,0.37234824281766504,800,126.72848067507759,0.1125,0.11375,0.00125,0.1125,0.0,0.00125,0.6706235136435614,0.6639172785071259,198.00000000000003,200.0,9.537247150973162
96,17256,63852,150,271.2848976603562,0.17333333333333334,0.24,0.06666666666666667,0.17333333333333334,0.006666666666666667,0.04666666666666667,0.6590436400628189,0.6524532036621908,1000,69.74862141687717,0.439,0.447,0.008,0.439,0.0,0.007,0.44845818177096497,0.4439735999532554,198.00000000000003,200.0,8.584864327577948
97,17406,64652,150,337.4622364679864,0.0,0.08,0.08,0.0,0.0,0.06666666666666667,0.484810512633721,0.47996240750738384,800,136.36746755568208,0.05375,0.055,0.00125,0.05375,0.0,0.0,0.7004665907618162,0.6934619248541981,198.00000000000003,200.0,9.766441760846693
98,17556,65452,150,317.9477114922595,0.06666666666666667,0.10666666666666667,0.04666666666666667,0.06666666666666667,0.0,0.04,0.534340921569385,0.5289975123536912,800,132.50730994998864,0.05625,0.11375,0.06125,0.05625,0.0,0.05875,0.6982007860675787,0.6912187782069031,198.00000000000003,200.0,7.373378817613604
99,17706,66262,150,304.4481739653708,0.17333333333333334,0.2,0.02666666666666667,0.17333333333333334,0.0,0.02666666666666667,0.5077836168651801,0.5027057806965284,810,115.5754270112944,0.05802469135802469,0.1765432098765432,0.12345679012345678,0.05802469135802469,0.0,0.11604938271604938,0.639945977805705,0.633546518027648,198.00000000000003,200.0,16.903169506363863
100,17856,67211,150,355.1084608100773,0.02666666666666667,0.08666666666666667,0.06,0.02666666666666667,0.0,0.05333333333333334,0.427988125310539,0.4237082440574336,949,97.47352989849807,0.136986301369863,0.1791359325605901,0.04214963119072708,0.136986301369863,0.0,0.0410958904109589,0.5525665037926648,0.5470408387547381,198.00000000000003,200.0,8.53418575331296
